"CID";"NameLine";"isCompany";"AddressLine1";"AddressLine2";"ZIPCode";"City";"Country"
470234;"Tournmentone Corp";TRUE;"1200 High Ridge Road";"";"6092";"Stamford CT";"US"
470235;"Westlink Career Institute, Llc";TRUE;"1325 G Street, Nw Suite 500";"";"20001";"Washington DC";"US"
470236;"Xerox Corporation";TRUE;"100 S. Clinton Avenue Xrx2-40A";"";"14604";"Rochester NY";"US"
470237;"Mclean Bus Company";TRUE;"7905 Marlboro Pike";"";"20747";"Forestville MD";"US"
470238;"Medstar Health, Inc";TRUE;"5565 Sterrett Place, 5Th Floor";"";"21044";"Columbia MD";"US"
470239;"Mattie Poquette";FALSE;"73 State Road 434 E";"";"99654";"Phoenix AZ";"US"
470240;"District Of Columbia Agencies";TRUE;"4200 Connecticut Avenue, Nw Cashiers Office Bldg. 39 # 201";"";"20001";"Washington DC";"US"
470241;"Skf";TRUE;"Åkergatan 24";"";"S-844 67";"Bräcke";"SE"
470242;"Ricoh";TRUE;"2-2-8 Roppongi";"";"106-0032";"Minato-Ku";"JP"
470243;"Dustin Construction, Inc.";TRUE;"2510 Urbana Pike, Suite 201";"";"21754";"Ijamsville MD";"US"
470244;"Tac Transport Llc";TRUE;"80 R Street, Sw";"";"20001";"Washington DC";"US"
470245;"Potomac Creek Assoc Lp";TRUE;"955 L'Enfant Plaza Sw North Building, Suite 1208";"";"20001";"Washington DC";"US"
470246;"Catholic University Of America";TRUE;"620 Michigan Avenue, Ne";"";"20001";"Washington DC";"US"
470247;"African Translation Llc";TRUE;"1250 Connecticut Ave. Nw Suite 200";"";"20001";"Washington DC";"US"
470248;"Bernardo Figeroa";FALSE;"386 9th Ave N";"";"2703";"Conroe TX";"US"
470249;"Mee Productions";TRUE;"340 N 12Th Street 5Th Floor";"";"16106";"Philadelphia PA";"US"
470250;"United General Contractor";TRUE;"606 B Rhode Island Avenue, Ne";"";"20001";"Washington DC";"US"
470251;"Schneider Electric Buildings";TRUE;"23 Tsawassen Blvd.";"";"T2F 8M4";"Tsawassen";"CA"
470252;"Powellhouse Project, Inc.";TRUE;"2634 12Th Street Ne";"";"20001";"Washington DC";"US"
470253;"Tiffiny Steffensmeier";FALSE;"32860 Sierra Rd";"";"33055";"Miami FL";"US"
470254;"Harvey W Hottel Inc";TRUE;"18900 Woodfield Road";"";"20877";"Gaithersburg MD";"US"
470255;"Softech, Inc";TRUE;"7184 Collingwood Court";"";"21075";"Elkridge MD";"US"
470256;"Infinity Radio Dba/Wlzl Radio";TRUE;"4200 Parliament Place, #300 # 300";"";"20706";"Lanham MD";"US"
470257;"Apple Computer Inc";TRUE;"1 Infinite Loop";"";"95014";"Cupertino CA";"US"
470258;"Yug, Inc.";TRUE;"111 South Wacker Drive";"";"60602";"Chicago IL";"US"
470259;"Ernie Stenseth";FALSE;"45 E Liberty St";"";"99655";"Ridgefield Park NJ";"US"
470260;"Appletree Early Learning Pcs";TRUE;"415 Michigan Avenue, Ne 3Rd Floor";"";"20001";"Washington DC";"US"
470261;"Maryann Royster";FALSE;"74 S Westgate St";"";"605";"Albany NY";"US"
470262;"Raytheon Company";TRUE;"362 Lowell Street";"";"1810";"Andover MA";"US"
470263;"Data Net Systems Corp";TRUE;"1201 - 15Th Street Nw Suite 210";"";"20001";"Washington DC";"US"
470264;"Different Roads To Learning";TRUE;"37 East 18Th St 10Th Fl";"";"10001";"New York NY";"US"
470265;"Zamano";TRUE;"8 Johnstown Road";"";"";"Cork";"IE"
470266;"Jose Stockham";FALSE;"128 Bransten Rd";"";"42261";"New York NY";"US"
470267;"Meeder Consulting Group, Llc";TRUE;"6713 Groveleigh Drive";"";"21044";"Columbia MD";"US"
470268;"Psi Services, Inc";TRUE;"7101 Wisconsin Ave Suite 1400";"";"20814";"Bethesda MD";"US"
470269;"Talent Education Arts And Ment";TRUE;"409 Rittenhouse St Nw";"";"20001";"Washington DC";"US"
470270;"Cengage Learning";TRUE;"5191 Natorp Blvd";"";"45040";"Mason OH";"US"
470271;"Lucas Holdings, Llc";TRUE;"4900 N Santa Fe Ave";"";"73107";"Okc OK";"US"
470272;"Powell Manufacturing Industries";TRUE;"258 35Th Street Ne";"";"20001";"Washington DC";"US"
470273;"Arent Fox Kintner Plotkin";TRUE;"1050 Connecticut Avenue, Nw";"";"20001";"Washington DC";"US"
470274;"Meridian Public Charter School";TRUE;"1328 Florida Avenue, Nw";"";"20001";"Washington DC";"US"
470275;"Corp.For Supportive Housing";TRUE;"50 Broadway, 17Th Floor";"";"10001";"New York NY";"US"
470276;"Fortum";TRUE;"Torikatu 38";"";"90110";"Oulu";"FI"
470277;"Cecily Hollack";FALSE;"59 N Groesbeck Hwy";"";"614";"Austin TX";"US"
470278;"Ubi Banca";TRUE;"Via Monte Bianco 34";"";"10100";"Torino";"IT"
470279;"Curaxys";TRUE;"Rambla De Cataluña, 23";"";"8022";"Barcelona";"ES"
470280;"Vtb";TRUE;"2 Pobedy Square";"";"196143";"Saint Petersburg";"RU"
470281;"Rosio Cork";FALSE;"4 10th St W";"";"2718";"High Point NC";"US"
470282;"Myra Munns";FALSE;"461 Prospect Pl #316";"";"2718";"Euless TX";"US"
470283;"Ace-Federal Reporter Inc";TRUE;"1120 G Street Nw Suite 500";"";"20001";"Washington DC";"US"
470284;"Roy Juarez, Jr";TRUE;"11439 Remsen Street";"";"78201";"San Antonio TX";"US"
470285;"Hercules Fence Md.";TRUE;"8580 Mission Road";"";"20794";"Jessup MD";"US"
470286;"Elly Morocco";FALSE;"7 W 32nd St";"";"2718";"Erie PA";"US"
470287;"Scantron Corporation";TRUE;"2020 South 158Th Circle";"";"68022";"Omaha NE";"US"
470288;"Howard University Hospital";TRUE;"2041 Georgia Avenue, Nw Suite 2078";"";"20001";"Washington DC";"US"
470289;"Art Venere";FALSE;"8 W Cerritos Ave #54";"";"2703";"Bridgeport NJ";"US"
470290;"Aspial Corporation";TRUE;"Suntec Tower Three";"8 Temasek";"38988";"Singapore";"SG"
470291;"Meketa Investment Group";TRUE;"100 Lowder Brook Drive Suite 1100";"";"2090";"Westwood MA";"US"
470292;"Advanced Medical Waste Soluti";TRUE;"8716 Damascus Rd.";"";"20872";"Damascus MD";"US"
470293;"Bernard W Moffett";TRUE;"1430 Independence Ave Se";"";"20001";"Washington DC";"US"
470294;"Roxane Campain";FALSE;"1048 Main St";"";"2718";"Fairbanks AK";"US"
470295;"Jennifer Munson";TRUE;"12305 Sour Cherry Way";"";"20878";"North Potomac MD";"US"
470296;"Dc Arts & Humanities Education";TRUE;"1835 14Th Street, Nw";"";"20001";"Washington DC";"US"
470297;"National Housing Corporation";TRUE;"820 H Street N.E.";"";"20001";"Washington DC";"US"
470298;"Crow Canyon Systems Inc.";TRUE;"565 Lori Drive #71 #71";"";"94510";"Benicia CA";"US"
470299;"Saic, Inc.";TRUE;"1710 Saic Drive Mail Stop 365";"";"22101";"Mclean VA";"US"
470300;"Matthews Mem. Baptist Church";TRUE;"2616 Martin L. King Jr Ave Se";"";"20001";"Washington DC";"US"
470301;"American Assn. Of State Highwa";TRUE;"444 North Capitol St Nw";"";"20001";"Washington DC";"US"
470302;"Selectron Technologies, Inc";TRUE;"7405 Sw Tech Center Dr. Ste 140";"";"97201";"Portland OR";"US"
470303;"Scantron Corporation";TRUE;"2020 South 158Th Circle";"";"68022";"Omaha NE";"US"
470304;"Nia Community Pcs";TRUE;"Fauntleroy Circus";"";"EC2 5NT";"Manchester";"GB"
470305;"Emsl Analytical, Inc.";TRUE;"107 Haddon Avenue";"";"8108";"Westmont NJ";"US"
470306;"Andromeda Transcultural";TRUE;"162-164 Grafton Road";"Level 2";"";"Auckland  ";"NZ"
470307;"Margie Monroe Dba/3-L Bus";TRUE;"112 56Th Place Se";"";"20001";"Washington DC";"US"
470308;"United Medical Center Foundati";TRUE;"1310 Southern Avenue, S.E.";"";"20001";"Washington DC";"US"
470309;"Agrium Advanced Technologies";TRUE;"2915 Rocky Mountain Avenue Suite 400";"";"80537";"Loveland CO";"US"
470310;"Lettie Isenhower";FALSE;"70 W Main St";"";"617";"Beachwood OH";"US"
470311;"Dc Scores";TRUE;"1224 M Street Nw, #200";"";"20001";"Washington DC";"US"
470312;"Pro-Typists Inc";TRUE;"3235 P Street, N.W.";"";"20001";"Washington DC";"US"
470313;"M1 Limited";TRUE;"Bronz Sok.";"Bronz Apt. 3/6 Tesvikiye";"79903";"Singapore";"SG"
470314;"Willow Kusko";FALSE;"90991 Thorburn Ave";"";"42261";"New York NY";"US"
470315;"Tl Garden & Assoc/Life Saftey";TRUE;"7170 Gary Rd";"";"20109";"Manassas VA";"US"
470316;"Hancock Software Inc";TRUE;"28 Gilleonard Lane";"";"1701";"Framingham MA";"US"
470317;"Minna Amigon";FALSE;"2371 Jerrold Ave";"";"2718";"Kulpsville PA";"US"
470318;"Wilda Giguere";FALSE;"1747 Calle Amanecer #2";"";"610";"Anchorage AK";"US"
470319;"American Express Company";TRUE;"2975 W Corporate Lakes Blvd Cpc Remittance Processing";"";"33326";"Weston FL";"US"
470320;"CBA";TRUE;"1003 K Street, N.W. Suite 700";"";"20001";"Washington DC";"US"
470321;"Language,Etc...";TRUE;"2200 California St Nw";"";"20001";"Washington DC";"US"
470322;"Wilson Energy Economics";TRUE;"4800 Hampden Lane - Suite 200";"";"20814";"Bethesda MD";"US"
470323;"Alpine Trading Co Inc.";TRUE;"400 Overpeck Ave";"";"7631";"Englewood NJ";"US"
470324;"School Improvement Network";TRUE;"8686 South 1300 East";"";"84070";"Sandy UT";"US"
470325;"Ch2M Hill, D.C., P.C.";TRUE;"101 Lambton Quay";"Level 11";"";"Wellington";"NZ"
470326;"Bobbye Rhym";FALSE;"30 W 80th St #1995";"";"99657";"San Carlos CA";"US"
470327;"Marjory Mastella";FALSE;"71 San Mateo Ave";"";"99950";"Wayne PA";"US"
470328;"Hackett & Family Catering";TRUE;"129 Varnum Street N W";"";"20001";"Washington DC";"US"
470329;"Ici Systems";TRUE;"1150 17Th Street Nw Suite 100";"";"20001";"Washington DC";"US"
470330;"Xerox Corporation";TRUE;"100 S. Clinton Avenue Xrx2-40A";"";"14604";"Rochester NY";"US"
470331;"Melanie Byrd Chisholm";TRUE;"1829 Bruce Place, Se";"";"20001";"Washington DC";"US"
470332;"Q-Matic Corporation";TRUE;"95 Underwood Road";"";"28732";"Fletcher NC";"US"
470333;"Young Playwrights Theatre";TRUE;"2437 15Th St Nw";"";"20001";"Washington DC";"US"
470334;"Dynamix Corporation";TRUE;"9111 Edmonston Road, Suite 100 Suite 100";"";"20770";"Greenbelt MD";"US"
470335;"Stephaine Barfield";FALSE;"47154 Whipple Ave Nw";"";"2718";"Gardena CA";"US"
470336;"The Gale Group";TRUE;"27500 Drake Road";"";"48331";"Farmington Hills MI";"US"
470337;"Norix Group Inc";TRUE;"1000 Atlantic Drive";"";"60185";"West Chicago IL";"US"
470338;"Yuki Whobrey";FALSE;"1 State Route 27";"";"99950";"Taylor MI";"US"
470339;"Freeway Construction Llc";TRUE;"1325 18Th Street, Nw Suite 103";"";"20001";"Washington DC";"US"
470340;"Alta Bicycle Share, Inc.";TRUE;"711 Se Grand Avenue";"";"97201";"Portland OR";"US"
470341;"R.S.C.R. - Wv Inc.";TRUE;"1 Dunbar Plaza, Ste 100 P.O. Box 484";"";"25064";"Dunbar WV";"US"
470342;"Hi-Tech Solution, Inc.";TRUE;"1300 Pennsylania Ave, Nw Suite 700";"";"20001";"Washington DC";"US"
470343;"Supretech, Inc.";TRUE;"7600 Georgia Avenue, Nw #Ll";"";"20001";"Washington DC";"US"
470344;"Qas, Ltd.";TRUE;"125 Summer Street Suite 1910";"";"2108";"Boston MA";"US"
470345;"Elvera Benimadho";FALSE;"99385 Charity St #840";"";"99657";"San Jose CA";"US"
470346;"Delmy Ahle";FALSE;"65895 S 16th St";"";"99654";"Providence RI";"US"
470347;"Washington Literacy Council";TRUE;"1918 18Th Street Nw Suite B2";"";"20001";"Washington DC";"US"
470348;"Criswell Cheverolet, Inc.";TRUE;"503 Quince Orchard Road";"";"20877";"Gaithersburg MD";"US"
470349;"Deaf Reach";TRUE;"3521 12Th Street Ne";"";"20001";"Washington DC";"US"
470350;"Mellmo Inc.";TRUE;"2002 Jimmy Durante Blvd., #124";"";"92014";"Del Mar CA";"US"
470351;"Ngen Llc";TRUE;"1101 Merchantile Lane Suite 100";"";"20774";"Largo MD";"US"
470352;"Novo Nordisk";TRUE;"Smagsloget 45";"";"8200";"Århus";"DK"
470353;"Brentworks, Inc.";TRUE;"1776 Eye Street Nw 9Th Floor";"";"20001";"Washington DC";"US"
470354;"Willard Kolmetz";FALSE;"618 W Yakima Ave";"";"2718";"Irving TX";"US"
470355;"Centronia, Inc.";TRUE;"1420 Columbia Road Nw Muticultural Learning Center";"";"20001";"Washington DC";"US"
470356;"Erick Ferencz";FALSE;"20 S Babcock St";"";"2718";"Fairbanks AK";"US"
470357;"Kallie Blackwood";FALSE;"701 S Harrison Rd";"";"99657";"San Francisco CA";"US"
470358;"Keystone Plus Construction Cor";TRUE;"1600 K Street, N.W. Suite 350";"";"20001";"Washington DC";"US"
470359;"Tsi Group, Llc";TRUE;"1230 23Rd Street Nw, Suite 601";"";"20001";"Washington DC";"US"
470360;"Restl Designers Inc";TRUE;"702 Russell Avenue Suite 400";"";"20877";"Gaithersburg MD";"US"
470361;"Mary'S Ctr Maternal Child Care";TRUE;"2333 Ontario Rd Nw";"";"20001";"Washington DC";"US"
470362;"Solange Shinko";FALSE;"426 Wolf St";"";"3253";"Metairie LA";"US"
470363;"Red Jenkins Ltd";TRUE;"5404 Southport Lane";"";"22030";"Fairfax VA";"US"
470364;"Cammy Albares";FALSE;"56 E Morehead St";"";"2718";"Laredo TX";"US"
470365;"Vested Optimum Community Ser.";TRUE;"8775 M Centre Park Dr. No. 515";"";"21044";"Columbia MD";"US"
470366;"Bell Techlogix";TRUE;"8888 Keystone Crossing Suite 1700";"";"46201";"Indianapolis IN";"US"
470367;"Padula Construction Co Inc";TRUE;"1445 Pennsylvania Avenue S.E.";"";"20001";"Washington DC";"US"
470368;"Capitol Process Services, Inc.";TRUE;"1827 18Th St. Nw";"";"20001";"Washington DC";"US"
470369;"Center City Pcs";TRUE;"7 New York Ave Suite 300";"";"20001";"Washington DC";"US"
470370;"Mentis Technology Solutions";TRUE;"2231 South Poplar St";"";"80123";"Denver CO";"US"
470371;"American Arbitration Assoc.";TRUE;"335 Madison Ave 10 Floor";"";"10001";"New York NY";"US"
470372;"Nelva Hernandez";TRUE;"3114 Collard Street";"";"22301";"Alexandria VA";"US"
470373;"Oriental Trading Company Inc.";TRUE;"4206 South 108Th Street";"";"68022";"Omaha NE";"US"
470374;"Sports4Kids";TRUE;"517 4Th Street";"";"93601";"Oakland CA";"US"
470375;"Amtek Company, Inc.";TRUE;"1244 Ritchie Hwy, Suite 10";"";"21012";"Arnold MD";"US"
470376;"Danske Bank";TRUE;"Vinbæltet 34";"";"1734";"Kobenhavn";"DK"
470377;"Hdr Engineering Inc.";TRUE;"8404 Indian Hills Drive";"";"68022";"Omaha NE";"US"
470378;"Micaela Rhymes";FALSE;"20932 Hedley St";"";"2703";"Concord CA";"US"
470379;"Donte Kines";FALSE;"3 Aspen St";"";"99950";"Worcester MA";"US"
470380;"Margni, Inc.";TRUE;"603 Gallatin Street, Nw";"";"20001";"Washington DC";"US"
470381;"Louisa Cronauer";FALSE;"524 Louisiana Ave Nw";"";"99657";"San Leandro CA";"US"
470382;"Community Connections";TRUE;"801 Pennsylvania Ave., Se Suite 201";"";"20001";"Washington DC";"US"
470383;"Michael Robert Kronen";TRUE;"15420 Good Hope Road";"";"20901";"Silver Spring MD";"US"
470384;"Francine Vocelka";FALSE;"366 South Dr";"";"2718";"Las Cruces NM";"US"
470385;"Dc Choices, Llc";TRUE;"4701 N. Keystone Ave,Suite 150";"";"46201";"Indianapolis IN";"US"
470386;"Proforma Docucom Services Llc";TRUE;"46 Lanoche Court";"";"14221";"Williamsville NY";"US"
470387;"Jhp, Inc";TRUE;"1526 Pennsylvania Ave., Se";"";"20001";"Washington DC";"US"
470388;"Alishia Sergi";FALSE;"2742 Distribution Way";"";"42261";"New York NY";"US"
470389;"Vidal";TRUE;"C/ Romero, 33";"";"41101";"Sevilla";"ES"
470390;"Blondell Pugh";FALSE;"201 Hawk Ct";"";"99654";"Providence RI";"US"
470391;"Vallie Mondella";FALSE;"74 W College St";"";"617";"Boise ID";"US"
470392;"Maria Graciela Steiger";TRUE;"9516 Reach Road";"";"20854";"Potomac MD";"US"
470393;"Good Technologies,Inc.";TRUE;"4250 Burton Drive";"";"95050";"Santa Clara CA";"US"
470394;"Liberty Healthcare Corp.";TRUE;"401 E City Avenue #820";"";"19004";"Bala Cynwyd PA";"US"
470395;"General Services, Inc.";TRUE;"3613 Georgia Avenue, Nw";"";"20001";"Washington DC";"US"
470396;"Amy Jacques Garvey Institute, Inc.";TRUE;"4243 Lane Place, Ne";"";"20001";"Washington DC";"US"
470397;"Harvey W Hottel Inc";TRUE;"18900 Woodfield Road";"";"20877";"Gaithersburg MD";"US"
470398;"Adoptions Together Inc";TRUE;"10230 New Hampshire Ave #200";"";"20901";"Silver Spring MD";"US"
470399;"Andræ Løkke";FALSE;"18 Fountain St";"";"610";"Anchorage AK";"US"
470400;"Mentors, Inc.";TRUE;"1012 14Th Street, Nw Suite 304";"";"20001";"Washington DC";"US"
470401;"Carolyn Abbott";TRUE;"10261 Quiet Pond Terrace";"";"20115";"Burke VA";"US"
470402;"P & D Inc. (Skyland Liquors)";TRUE;"2126 Minnesota Avenue Se";"";"20001";"Washington DC";"US"
470403;"Mercer Human Resource Consulti";TRUE;"462 South Fourth Street Suite 1100";"";"40202";"Louisville KY";"US"
470404;"Bedd Group Llc";TRUE;"1744 Taylor Street Nw";"";"20001";"Washington DC";"US"
470405;"Timothy Mulqueen";FALSE;"44 W 4th St";"";"99950";"Staten Island NY";"US"
470406;"Digi Docs Inc Document Mgers";TRUE;"510 Florida Ave Nw";"";"20001";"Washington DC";"US"
470407;"Cmts Dc Llc";TRUE;"1101 15Th Street Nw, Ste 206";"";"20001";"Washington DC";"US"
470408;"Mercia D. Bowser";TRUE;"1827 Good Hope Road Se Suite A-4";"";"20001";"Washington DC";"US"
470409;"Tammara Wardrip";FALSE;"4800 Black Horse Pike";"";"2703";"Burlingame CA";"US"
470410;"District Supply Inc.";TRUE;"7702 Georgia Avenue, Nw Suite 200";"";"20001";"Washington DC";"US"
470411;"Sage Wieser";FALSE;"5 Boston Ave #88";"";"99950";"Sioux Falls SD";"US"
470412;"Malinda Hochard";FALSE;"55 Riverside Ave";"";"2718";"Indianapolis IN";"US"
470413;"Kiley Caldarera";FALSE;"25 E 75th St #69";"";"3251";"Los Angeles CA";"US"
470414;"Chanel Caudy";FALSE;"86 Nw 66th St #8673";"";"99665";"Shawnee KS";"US"
470415;"General Merchandise Supplies";TRUE;"2221 Adams Place, N.E.";"";"20001";"Washington DC";"US"
470416;"Historic Dupont Circle Mainstr";TRUE;"9 Dupont Circle Nw";"";"20001";"Washington DC";"US"
470417;"Marcus Gore";TRUE;"2541 34Th Street., S.E.";"";"20001";"Washington DC";"US"
470418;"Carma Vanheusen";FALSE;"68556 Central Hwy";"";"99657";"San Leandro CA";"US"
470419;"Holder Enterprises, Inc.";TRUE;"1949 Vermont Street Nw";"";"20001";"Washington DC";"US"
470420;"Viva Toelkes";FALSE;"4284 Dorigo Ln";"";"2703";"Chicago IL";"US"
470421;"Cadd Microsystems, Inc.";TRUE;"6359 Walker Lane, Suite 110";"";"22301";"Alexandria VA";"US"
470422;"North Capitol Partners,Inc";TRUE;"1935 U Place Se";"";"20001";"Washington DC";"US"
470423;"Tawna Buvens";FALSE;"3305 Nabell Ave #679";"";"42261";"New York NY";"US"
470424;"Arlette Honeywell";FALSE;"11279 Loytan St";"";"2718";"Jacksonville FL";"US"
470425;"Middleton &  Meads Company, In";TRUE;"1900 S Hanover Street";"";"21128";"Baltimore MD";"US"
470426;"Chajana Denharder";TRUE;"3800 14Th St., Nw,";"";"20001";"Washington DC";"US"
470427;"Kappa Youth Development, Inc.";TRUE;"1250 Connecticut Avenue, Nw Suite 200";"";"20001";"Washington DC";"US"
470428;"Digital Gap Solutions Inc.";TRUE;"10 G Street Ne, Suite 710";"";"20001";"Washington DC";"US"
470429;"Hess Construction Co. Inc.";TRUE;"804 West Diamond Avenue Suite 300";"";"20877";"Gaithersburg MD";"US"
470430;"Donald B. Rice Tire Co.";TRUE;"909 Northeast Street";"";"21701";"Frederick MD";"US"
470431;"Rr Donnelly";TRUE;"111 South Wacker Drive";"";"60602";"Chicago IL";"US"
470432;"Maryland Office Interiors";TRUE;"2923 Lord Baltimore Drive";"";"21128";"Baltimore MD";"US"
470433;"Karl Klonowski";FALSE;"76 Brooks St #9";"";"2718";"Flemington NJ";"US"
470434;"C&O";TRUE;"7477 Old Alexandria Ferry Road";"";"20735";"Clinton MD";"US"
470435;"Ross Professional Services";TRUE;"Rte Des Arsenaux 41 ";"";"1700";"Fribourg";"CH"
470436;"Henkels And Mccoy Training Services";TRUE;"450 David Drive";"";"19462";"Plymouth Meeting PA";"US"
470437;"Cesar Chavez Pcs";TRUE;"709 12Th Street Se";"";"20001";"Washington DC";"US"
470438;"Mitsue Tollner";FALSE;"7 Eads St";"";"2703";"Chicago IL";"US"
470439;"City Security Consultants, Inc";TRUE;"2010 Kendall Street, Ne";"";"20001";"Washington DC";"US"
470440;"Paramedical Personnel Of Md.";TRUE;"343 Granery Road, Ste. D";"";"21050";"Forest Hill MD";"US"
470441;"Voxeo Corporation";TRUE;"189 S. Orange Ave. #2050";"";"32801";"Orlando FL";"US"
470442;"Hillcrest Children'S Center";TRUE;"1408 U Street, Nw Ste A";"";"20001";"Washington DC";"US"
470443;"Meaghan Garufi";FALSE;"69734 E Carrillo St";"";"3251";"Mc Minnville TN";"US"
470444;"Faith Management Consulting";TRUE;"3417 Minnesota Ave, Se";"";"20001";"Washington DC";"US"
470445;"Calvary Women'S Services";TRUE;"110 Maryland Avenue Ne #103";"";"20001";"Washington DC";"US"
470446;"Aruze";TRUE;"1-6-20 Dojima";"";" 530-0003";"Kita-Ku";"JP"
470447;"American Mechanical Svcs Of Md";TRUE;"13300 Mid Atlantic Blvd";"";"20707";"Laurel MD";"US"
470448;"Anacostia Comm. Outreach Ctr";TRUE;"711 24Th St., Ne #119";"";"20001";"Washington DC";"US"
470449;"Scott Buchanan Dba 12 Rounds &";TRUE;"8741 Ashwood Drive";"";"20743";"Capitol Heights MD";"US"
470450;"Upm-Kymmene";TRUE;"Software Engineering Center";"SEC Oy";"FIN-02271";"Espoo";"FI"
470451;"Reel-Scout";TRUE;"31 Duncan St. West End";"";"4101";"South Brisbane";"AU"
470452;"Estrella Samu";FALSE;"64 Lakeview Ave";"";"617";"Beloit WI";"US"
470453;"Principal Decision System Int";TRUE;"50 Corporate Park";"";"92602";"Irvine CA";"US"
470454;"Opportunities Industrial Center";TRUE;"3707 Mlk Avenue Se";"";"20001";"Washington DC";"US"
470455;"Laurel Reitler";FALSE;"6 Kains Ave";"";"614";"Baltimore MD";"US"
470456;"Higher School Publishing Co.";TRUE;"3125 Catrina Lane";"";"21401";"Annapolis MD";"US"
470457;"Pyramid Educational Cons.Inc.";TRUE;"13 Garfield Way";"";"19702";"Newark DE";"US"
470458;"Sampo Group";TRUE;"Keskuskatu 45";"";"21240";"Helsinki";"FI"
470459;"Mariann E. Schick";TRUE;"2401 Pennsylvania Ave., #8331";"";"16106";"Philadelphia PA";"US"
470460;"Patrick W Keohane";TRUE;"714 Meramac Lane";"";"65714";"Nixa MO";"US"
470461;"Pepco Energy Services, Inc";TRUE;"701 Ninth Street, Nw Customer Service";"";"20001";"Washington DC";"US"
470462;"Shred-It Usa, Inc.";TRUE;"850 East Gude Drive Suite H";"";"20850";"Rockville MD";"US"
470463;"Marianne Schuelein";TRUE;"3208 44Th Street, Nw";"";"20001";"Washington DC";"US"
470464;"Sm Department Store";TRUE;"15 Mccallum Street";"NatWest Center #13-03";"1227 MM";"Makati City";"PH"
470465;"The Family Place, Inc";TRUE;"3309 16Th Street., Nw";"";"20001";"Washington DC";"US"
470466;"City Dance Ensemble Inc";TRUE;"1111 16Th Street Nw, Suite 300";"";"20001";"Washington DC";"US"
470467;"Graciela Ruta";FALSE;"98 Connecticut Ave Nw";"";"2703";"Chagrin Falls OH";"US"
470468;"Life Enhancement Svcs, Llc";TRUE;"1328 Southern Avenue, Se Suite 301";"";"20001";"Washington DC";"US"
470469;"Mamie Preston";TRUE;"3642 13Th Street Nw";"";"20001";"Washington DC";"US"
470470;"Millennium Pool And Spa, Llc";TRUE;"8927 Lake Braddock Dr";"";"20115";"Burke VA";"US"
470471;"Mergent Inc";TRUE;"5250 77 Center Drive Ste 150";"";"28202";"Charlotte NC";"US"
470472;"Mergent Inc";TRUE;"5250 77 Center Drive Ste 150";"";"28202";"Charlotte NC";"US"
470473;"Overdrive Inc";TRUE;"8555 Sweet Valley Drive Unit N";"";"44102";"Cleveland OH";"US"
470474;"Access411";TRUE;"52 Grumbacher Rd. Ste 1 Dba Access411";"";"17401";"York PA";"US"
470475;"Correos";TRUE;"Gran Vía, 1";"";"28001";"Madrid";"ES"
470476;"Sedc Charter School Inc.";TRUE;"3100 Martin Luther King Av, Se";"";"20001";"Washington DC";"US"
470477;"American Fleet Sales & Svcs";TRUE;"201 Ritchie Road Building C";"";"20743";"Capitol Heights MD";"US"
470478;"Wash. Area Lawyers F/T Arts";TRUE;"901 New York Ave Nw, #P-1";"";"20001";"Washington DC";"US"
470479;"Angela Kalargyos";TRUE;"10834 Eastwood Ave";"";"20901";"Silver Spring MD";"US"
470480;"Tamar Hoogland";FALSE;"2737 Pistorio Rd #9230";"";"3251";"London OH";"US"
470481;"Banner Staffing Llc";TRUE;"1025 Connecticut Avenue Nw Suite 211";"";"20001";"Washington DC";"US"
470482;"Barney Neighborhood House";TRUE;"5656 A Third Street Ne";"";"20001";"Washington DC";"US"
470483;"Alease Buemi";FALSE;"4 Webbs Chapel Rd";"";"2703";"Boulder CO";"US"
470484;"Platinum One, Inc.";TRUE;"12138 Central Avenue Suite 939";"";"20716";"Mitchellville MD";"US"
470485;"Lorrie Nestle";FALSE;"39 S 7th St";"";"99950";"Tullahoma TN";"US"
470486;"The Workmen'S Clinic";TRUE;"2029 K Street, Nw, # 301";"";"20001";"Washington DC";"US"
470487;"East River Family Stregthening";TRUE;"3917 Minnesota Ave, Ne";"";"20001";"Washington DC";"US"
470488;"Ilene Eroman";FALSE;"2853 S Central Expy";"";"2718";"Glen Burnie MD";"US"
470489;"De Lage Landen Fin. Services";TRUE;"43 Rue St. Laurent";"";"H1J 1C3";"Montréal";"CA"
470490;"Groom Law Group, Chartered";TRUE;"1701 Pennsylvania Ave, N.W. Suite 1200";"";"20001";"Washington DC";"US"
470491;"Election Systems & Software In";TRUE;"11208 John Galt Blvd.";"";"68022";"Omaha NE";"US"
470492;"Atlas Copco";TRUE;"Berguvsvägen  8";"";"S-958 22";"Luleå";"SE"
470493;"Ridge Roofing Llc";TRUE;"7 Allen Street";"";"3150";"Glen Waverly";"AU"
470494;"Patricia Fripp";TRUE;"527 Hugo Street";"";"94102";"San Francisco CA";"US"
470495;"Dc Children Youth Investment";TRUE;"1400 16Th Street Nw Suite 500";"";"20001";"Washington DC";"US"
470496;"Anasazi, Software Inc.";TRUE;"9831 S 51St Street Suite -C117";"";"85003";"Phoenix AZ";"US"
470497;"Kris Marrier";FALSE;"228 Runamuck Pl #2808";"";"614";"Baltimore MD";"US"
470498;"Medical Supply Systems Inc";TRUE;"3182 Bladensburg Rd. Ne.";"";"20001";"Washington DC";"US"
470499;"Diane Bradley";TRUE;"1629 K Street, Nw - 300";"";"20001";"Washington DC";"US"
470500;"Ace Mentor Program Of Gwma";TRUE;"1401 New York Ave, Nw Suite 900";"";"20001";"Washington DC";"US"
470501;"Stephen Emigh";FALSE;"3777 E Richmond St #900";"";"605";"Akron OH";"US"
470502;"Emerson Bowley";FALSE;"762 S Main St";"";"3251";"Madison WI";"US"
470503;"Henry Schein, Inc.";TRUE;"135 Duryea Road, Mail Rt.E-255";"";"11747";"Melville NY";"US"
470504;"The University Of Md";TRUE;"3112 Lee Building Off. Of Res. Admin And Advance";"";"20740";"College Park MD";"US"
470505;"Gcs/Sigal, Llc";TRUE;"3020 Yost Place Ne";"";"20001";"Washington DC";"US"
470506;"Document Systems Inc";TRUE;"333 Hawaii Avenue, Ne Suite 200";"";"20001";"Washington DC";"US"
470507;"Columbia Lighthouse For Blind";TRUE;"1825 K Street, Nw Suite 1103";"";"20001";"Washington DC";"US"
470508;"Kipp Dc/Key Academy Pcs";TRUE;"1003 K Street, N.W. Suite 700";"";"20001";"Washington DC";"US"
470509;"National Capital Poison Center";TRUE;"3201 New Mexico Ave Suite 310";"";"20001";"Washington DC";"US"
470510;"Midwest Bank Note Co.";TRUE;"50 Pearl Street";"";"14086";"Lancaster NY";"US"
470511;"Silver Spring Fire Protection,";TRUE;"7389 Washington Blvd. Suite 105";"";"21075";"Elkridge MD";"US"
470512;"Carmelina Lindall";FALSE;"2664 Lewis Rd";"";"3251";"Littleton CO";"US"
470513;"Gala Hispanic Theater";TRUE;"2437 15Th Street., Nw";"";"20001";"Washington DC";"US"
470514;"Facilities Technology Group";TRUE;"1110 East 32Nd Street Bldg 2";"";"78701";"Austin TX";"US"
470515;"Kadcon Corporation";TRUE;"1053 31St Street, Nw";"";"20001";"Washington DC";"US"
470516;"The Hamilton Group";TRUE;"4406 Gault Place Ne";"";"20001";"Washington DC";"US"
470517;"F&L Construction Inc.";TRUE;"1512 Good Hope Rd Se";"";"20001";"Washington DC";"US"
470518;"Donette Foller";FALSE;"34 Center St";"";"2718";"Hamilton OH";"US"
470519;"Airgas East Inc.";TRUE;"6990 Snowdrift Road";"";"18101";"Allentown PA";"US"
470520;"Himmel & Wilson Library Consul";TRUE;"417 East High Street";"";"53563";"Milton WI";"US"
470521;"Meridian Imaging Solutions";TRUE;"5775 General Washington Drive";"";"22301";"Alexandria VA";"US"
470522;"Dc Line, Inc.";TRUE;"2250 South Dakota Ave, Ne";"";"20001";"Washington DC";"US"
470523;"Integrated Design Electronics";TRUE;"1027 45Th Street Ne";"";"20001";"Washington DC";"US"
470524;"Danica Bruschke";FALSE;"840 15th Ave";"";"99950";"Waco TX";"US"
470525;"Flik International";TRUE;"800 Florida Avenue Ne";"";"20001";"Washington DC";"US"
470526;"Gmv";TRUE;"C/ Araquil, 67";"";"28023";"Madrid";"ES"
470527;"Florida Drug Screening Inc.";TRUE;"2191 Julian Ave. #2";"";"32905";"Palm Bay FL";"US"
470528;"Norsk Hydro";TRUE;"Brehmen St. 121";"PR 334 Sentrum";"N 5804";"Bergen";"NO"
470529;"Albina Glick";FALSE;"4 Ralph Ct";"";"2715";"Dunellen NJ";"US"
470530;"Print Mail Communications Inc";TRUE;"7201 Lockport Place";"";"22079";"Lorton VA";"US"
470531;"Allied Telecom Group,Llc";TRUE;"1120 20Th Street Nw Suite 500";"";"20001";"Washington DC";"US"
470532;"Cory Gibes";FALSE;"83649 W Belmont Ave";"";"99657";"San Gabriel CA";"US"
470533;"Abel Maclead";FALSE;"37275 St  Rt 17m M";"";"42256";"Middle Island NY";"US"
470534;"Second Genesis, Inc.";TRUE;"8611 Second Avenue, Suite #300";"";"20901";"Silver Spring MD";"US"
470535;"Park Southern Neighborhood Cp";TRUE;"800 Southern Avenue Se";"";"20001";"Washington DC";"US"
470536;"Corrections Corporation Of";TRUE;"10 Burton Hills Blvd America";"";"37013";"Nashville TN";"US"
470537;"Hireright, Inc.";TRUE;"5151 California Avenue";"";"92602";"Irvine CA";"US"
470538;"Unipol";TRUE;"Via Ludovico Il Moro 22";"";"24100";"Bergamo";"IT"
470539;"Pulse Advertising";TRUE;"1821 Florida Ave Nw";"";"20001";"Washington DC";"US"
470540;"Andrew S. Butler";TRUE;"1427 Holbrook Street, Ne, #1";"";"20001";"Washington DC";"US"
470541;"Pergravis";TRUE;"10012 N. Dale Mabry Hwy Suite 109";"";"33602";"Tampa FL";"US"
470542;"American Health & Wellness";TRUE;"25 Professional Way, #101";"";"24482";"Verona VA";"US"
470543;"Apple Computer Inc";TRUE;"1 Infinite Loop";"";"95014";"Cupertino CA";"US"
470544;"Nastos Contruction Inc";TRUE;"1421 Kenilworth Ave Ne";"";"20001";"Washington DC";"US"
470545;"Precyse Solutions, Inc";TRUE;"1275 Drummers Lane, Ste 200";"";"19087";"Wayne PA";"US"
470546;"Mbia";TRUE;"7335 North Palm Bluffs Drive";"";"93701";"Fresno CA";"US"
470547;"Hill International Inc.";TRUE;"1225 Eye Street N.W.";"";"20001";"Washington DC";"US"
470548;"Premier Office & Medical Suppl";TRUE;"1020 49Th Street Ne";"";"20001";"Washington DC";"US"
470549;"Formost Advanced Creations";TRUE;"1730 17Th Street Ne";"";"20001";"Washington DC";"US"
470550;"Mapfre";TRUE;"C/ Moralzarzal, 86";"";"28034";"Madrid";"ES"
470551;"Kamit Institute-Magni Achi,Pcs";TRUE;"100 Peabody Street Nw First Floor";"";"20001";"Washington DC";"US"
470552;"American Supply Company";TRUE;"316 F. St. Ne. 103";"";"20001";"Washington DC";"US"
470553;"Fairness Environmental Service";TRUE;"3109 Martin Luther King Jr. Av";"";"20001";"Washington DC";"US"
470554;"Washington Hospital Center";TRUE;"2000 15Th St N. Suite 600";"";"22201";"Arlington VA";"US"
470555;"Mi Casa, Inc.";TRUE;"6230 3Rd Street Nw, Suite 2";"";"20001";"Washington DC";"US"
470556;"Hotel Washington";TRUE;"515 15Th Street Nw";"";"20001";"Washington DC";"US"
470557;"Tamah., Llc";TRUE;"1701 Independence Ave Se";"";"20001";"Washington DC";"US"
470558;"Longobardi & Associates Dc Llc";TRUE;"1401 14Th Street, Nw Suite 300";"";"20001";"Washington DC";"US"
470559;"Titus Llc";TRUE;"Arenales 1938 3'A'";"";"";"Auckland  ";"NZ"
470560;"Life Skills Center";TRUE;"6200 2Nd St Nw, 3Rd Fl";"";"20001";"Washington DC";"US"
470561;"Capital City Pcs";TRUE;"3047 15Th Street Nw";"";"20001";"Washington DC";"US"
470562;"Moon Parlato";FALSE;"74989 Brandon St";"";"99950";"Wellsville NY";"US"
470563;"Keanya Carr";TRUE;"1900 Oak St.";"";"V3F 2K1";"Vancouver";"CA"
470564;"Fletcher Flosi";FALSE;"394 Manchester Blvd";"";"99655";"Rockford IL";"US"
470565;"Sanlam";TRUE;"1250 Pretorius Street";"";"28";"Hatfield";"ZA"
470566;"Lawmen Suupply Company, Inc.";TRUE;"35 King George";"";"WX3 6FW";"London";"GB"
470567;"Liebert Global Services";TRUE;"610 Executive Campus Drive";"";"43081";"Westerville OH";"US"
470568;"District Of Columbia Care Center";TRUE;"4043 Clay Pl., Ne";"";"20001";"Washington DC";"US"
470569;"Malcolm L. Wiseman, Jr.";TRUE;"1228 Crittenden Street, Nw";"";"20001";"Washington DC";"US"
470570;"Post Master";TRUE;"1200 Pennsylvania Ave. Nw";"";"20001";"Washington DC";"US"
470571;"Morgans Inc";TRUE;"900 Rhode Island Avenue Ne";"";"20001";"Washington DC";"US"
470572;"Veronika Inouye";FALSE;"6 Greenleaf Ave";"";"99657";"San Jose CA";"US"
470573;"Cambro Manufacturing";TRUE;"5801 Skylab Road";"";"92646";"Huntington Beach CA";"US"
470574;"Mtw Distributors Inc";TRUE;"1235 Kenilworth Ave Ne Suite#8";"";"20001";"Washington DC";"US"
470575;"Nat Assoc Of State Alcohol & D";TRUE;"808 17Th Street Nw Suite 410";"";"20001";"Washington DC";"US"
470576;"Educators For Social Respon.";TRUE;"23 Garden Street";"";"2138";"Cambridge MA";"US"
470577;"Pepco Inc";TRUE;"1615 Robertson Road";"";"65270";"Moberly MO";"US"
470578;"The Malloy Group, Llc.";TRUE;"4216 Evergreen Lane Suite 133";"";"22003";"Annandale VA";"US"
470579;"Ezekiel Chui";FALSE;"2 Cedar Ave #84";"";"2718";"Easton MD";"US"
470580;"Dutchmill Caterers";TRUE;"Bank Of China Tower";"1 Garden Road";"";"Central Hong Kong";"CN"
470581;"Lisha Centini";FALSE;"64 5th Ave #1153";"";"3251";"Mc Lean VA";"US"
470582;"Efforts";TRUE;"4601 Sheriff Road, Ne";"";"20001";"Washington DC";"US"
470583;"Quantitative Micro Software";TRUE;"4521 Campus Drive Number 336";"";"92602";"Irvine CA";"US"
470584;"Gladys Rim";FALSE;"322 New Horizon Blvd";"";"42256";"Milwaukee WI";"US"
470585;"Sabra Uyetake";FALSE;"98839 Hawthorne Blvd #6101";"";"2703";"Columbia SC";"US"
470586;"Natalie Fern";FALSE;"7140 University Ave";"";"99655";"Rock Springs WY";"US"
470587;"American Institute Of Cpa'S";TRUE;"220 Leigh Farm Road";"";"27701";"Durham NC";"US"
470588;"Devorah Chickering";FALSE;"31 Douglas Blvd #950";"";"2703";"Clovis NM";"US"
470589;"Ślusarski Alisha";FALSE;"3273 State St";"";"42256";"Middlesex NJ";"US"
470590;"Margaret P. Cox";TRUE;"907 6Th Street, Sw #901C";"";"20001";"Washington DC";"US"
470591;"Capitol College";TRUE;"11301 Springfield Road";"";"20707";"Laurel MD";"US"
470592;"Cyndy Goldammer";FALSE;"170 Wyoming Ave";"";"2703";"Burnsville MN";"US"
470593;"Tyra Shields";FALSE;"3 Fort Worth Ave";"";"99654";"Philadelphia PA";"US"
470594;"Turner Construction Company";TRUE;"3865 Wilson Blvd. Suite 300";"";"22201";"Arlington VA";"US"
470595;"E&G Dc Co-Op Owner, Llc";TRUE;"1350 Beverly Road Suite 200";"";"22101";"Mclean VA";"US"
470596;"Strayer University";TRUE;"1133 15Th Street, N.W.";"";"20001";"Washington DC";"US"
470597;"Computer Intelligence Assoc.";TRUE;"8840 Stanford Blvd Suite 1500";"";"21044";"Columbia MD";"US"
470598;"Natacha Kiler";TRUE;"621 Orleans Place Ne";"";"20001";"Washington DC";"US"
470599;"Follett Educational Services";TRUE;"1433 Internationale Parkway";"";"60517";"Woodridge IL";"US"
470600;"Mtw Distributors Inc";TRUE;"1235 Kenilworth Ave Ne Suite#8";"";"20001";"Washington DC";"US"
470601;"Center City Pcs";TRUE;"7 New York Ave Suite 300";"";"20001";"Washington DC";"US"
470602;"Merry C. Hudson";TRUE;"1216 Edgevale Road";"";"20901";"Silver Spring MD";"US"
470603;"Tonette Wenner";FALSE;"4545 Courthouse Rd";"";"99950";"Westbury NY";"US"
470604;"Wider Opportunity For Women";TRUE;"1001 Connecticut Ave Nw Suite 930";"";"20001";"Washington DC";"US"
470605;"Marc A. Rigrodsky";TRUE;"171 Edwards St";"";"4101";"Portland ME";"US"
470606;"Natalie Tolstoi";TRUE;"5225 Pooks Hill Rd # 1517 South";"";"20814";"Bethesda MD";"US"
470607;"Lavera Perin";FALSE;"678 3rd Ave";"";"33055";"Miami FL";"US"
470608;"W W Grainger Inc";TRUE;"100 Grainger Parkway";"";"60045";"Lake Forest IL";"US"
470609;"C&E Services, Inc. Of Washington";TRUE;"1224 W Street Se";"";"20001";"Washington DC";"US"
470610;"Prince Construction Company";TRUE;"1111 Good Hope Rd Se";"";"20001";"Washington DC";"US"
470611;"Gap Solutions Inc";TRUE;"11425 Isaac Newton Sq. South Suite 200";"";"20190";"Reston VA";"US"
470612;"Leftwich & Ludaway";TRUE;"1400 K Street Nw Suite 1000";"";"20001";"Washington DC";"US"
470613;"Soft Choice Corporation";TRUE;"314 W Superior Street Suite 301";"";"60602";"Chicago IL";"US"
470614;"Fox Systems, Inc.";TRUE;"6263 N. Scottsdale Road Suite 200";"";"85022";"Scottsdale AZ";"US"
470615;"Deeanna Juhas";FALSE;"14302 Pennsylvania Ave";"";"2718";"Huntingdon Valley PA";"US"
470616;"American Institutes For Research";TRUE;"1000 Thomas Jefferson St. Nw.";"";"20001";"Washington DC";"US"
470617;"Sasha Bruce Youthwork";TRUE;"741 8Th Street, Se";"";"20001";"Washington DC";"US"
470618;"Simona Morasca";FALSE;"3 Mcauley Dr";"";"614";"Ashland OH";"US"
470619;"Andrew Shields";TRUE;"339 Virginia Ave Se";"";"20001";"Washington DC";"US"
470620;"Anchor Construction Corporatio";TRUE;"2254 25Th Place N.E.";"";"20001";"Washington DC";"US"
470621;"Valentine Gillian";FALSE;"775 W 17th St";"";"99657";"San Antonio TX";"US"
470622;"Lt Joseph P Kennedy Institute";TRUE;"801 Buchanan Street, Ne";"";"20001";"Washington DC";"US"
470623;"Paul Junior High Pcs";TRUE;"5800 8Th Street Nw";"";"20001";"Washington DC";"US"
470624;"Viscom Interpreting, Inc";TRUE;"2417 South 26Th Road";"";"22201";"Arlington VA";"US"
470625;"Rozella Ostrosky";FALSE;"17 Morena Blvd";"";"2703";"Camarillo CA";"US"
470626;"Lenna Paprocki";FALSE;"639 Main St";"";"610";"Anchorage AK";"US"
470627;"Cimatron";TRUE;"3 Hagalim Blv.";"";"47625";"Herzlia";"IL"
470628;"Hawk Contractors";TRUE;"1015 Steven Reid Drive";"";"20639";"Huntingtown MD";"US"
470629;"Carahsoft Technology Corporation";TRUE;"12369 Sunrise Valley Drive Suite D-2";"";"20190";"Reston VA";"US"
470630;"Jina Briddick";FALSE;"38938 Park Blvd";"";"2135";"Boston MA";"US"
470631;"Computerdata Solutions, Llc";TRUE;"913 U Street, Nw";"";"20001";"Washington DC";"US"
470632;"Blair Malet";FALSE;"209 Decker Dr";"";"99654";"Philadelphia PA";"US"
470633;"National 4-H Council";TRUE;"7100 Connecticut Avenue";"";"20815";"Chevy Chase MD";"US"
470634;"Creative Options & Employment";TRUE;"1441 Mccormick Drive Suite #1020";"";"20772";"Upper Marlboro MD";"US"
470635;"Pathways To Housing Dc, Inc.";TRUE;"101 Q Street Ne Suite G";"";"20001";"Washington DC";"US"
470636;"Marie B Waiters";TRUE;"15780 Mountain Place";"";"20613";"Brandywine MD";"US"
470637;"Johnetta Abdallah";FALSE;"1088 Pinehurst St";"";"2703";"Chapel Hill NC";"US"
470638;"Gallaudet University";TRUE;"800 Florida Avenue, N.E.";"";"20001";"Washington DC";"US"
470639;"Rsc Electrical & Mechanical Co";TRUE;"6035 Dix Street Ne";"";"20001";"Washington DC";"US"
470640;"Obverse Corporation, Inc.";TRUE;"Geislweg 14";"";"5020";"Salzburg";"AT"
470641;"Shaw Main Street";TRUE;"1426 9Th Street, Nw";"";"20001";"Washington DC";"US"
470642;"Orion Systems Group, Llc";TRUE;"3900 Jermantown Road Suite 480";"";"22030";"Fairfax VA";"US"
470643;"CS&D";TRUE;"Garden House";"Crowther Way 23";"PO31 7PJ";"Cowes";"GB"
470644;"Campbell & Company Comm.";TRUE;"2401 Mt. Vernon Avenue Suite B";"";"22301";"Alexandria VA";"US"
470645;"Leota Dilliard";FALSE;"7 W Jackson Blvd";"";"99657";"San Jose CA";"US"
470646;"Jamal Vanausdal";FALSE;"53075 Sw 152nd Ter #615";"";"42256";"Monroe Township NJ";"US"
470647;"Canon Usa Inc";TRUE;"2110 Washington Boulevard";"";"22201";"Arlington VA";"US"
470648;"Orrick Herrington Sutcliffe Lp";TRUE;"666 Fifth Avenue";"";"10001";"New York NY";"US"
470649;"Kathleen Patrick";TRUE;"124 East Raymond Ave";"";"22301";"Alexandria VA";"US"
470650;"Margarita Calderon & Assoc.Inc";TRUE;"101 West End Avenue Apt. 23A";"";"10001";"New York NY";"US"
470651;"Josephine Darakjy";FALSE;"4 B Blue Ridge Blvd";"";"2703";"Brighton MI";"US"
470652;"Ridge Roofing Llc";TRUE;"710 Mississippi Avenue S.E.";"";"20001";"Washington DC";"US"
470653;"Ime Services";TRUE;"1201 Pennsylvania Avenue Nw Suite 300";"";"20001";"Washington DC";"US"
470654;"Marie E. Perkins";TRUE;"10224 Prince Place Unit T4";"";"20774";"Largo MD";"US"
470655;"Münzel Babette";FALSE;"6 S 33rd St";"";"614";"Aston PA";"US"
470656;"Wash Metro Area Transit Auth";TRUE;"600 5Th Street Nw";"";"20001";"Washington DC";"US"
470657;"Hart Intercivic, Inc.";TRUE;"15500 Wells Port Drive";"";"78701";"Austin TX";"US"
470658;"Amber Monarrez";FALSE;"14288 Foster Ave #4121";"";"2718";"Jenkintown PA";"US"
470659;"Corp./Wash. Latin School";TRUE;"4715 16Th Street, N.W.";"";"20001";"Washington DC";"US"
470660;"On Target Challenge";TRUE;"15312 Spencerville Court Suite 100";"";"20866";"Burtonsville MD";"US"
470661;"Toter Incorporated";TRUE;"841 Meacham Road";"";"28625";"Statesville NC";"US"
470662;"Eagle Management Llc";TRUE;"213 Kennedy Street, Nw";"";"20001";"Washington DC";"US"
470663;"History Matters Llc";TRUE;"1502 21St Street Nw";"";"20001";"Washington DC";"US"
470664;"Fatima Saylors";FALSE;"2 Lighthouse Ave";"";"2718";"Hopkins MN";"US"
470665;"Aventas Group";TRUE;"25 Maiden Lane";"Floor No. 4";"2";"Dublin";"IR"
470666;"Marlow Sports, Inc.";TRUE;"7613 Penn Belt Drive";"";"20747";"Forestville MD";"US"
470667;"East Coast Ems Associates";TRUE;"1612 A Street, S.E.";"";"20001";"Washington DC";"US"
470668;"Allene Iturbide";FALSE;"1 Central Ave";"";"99950";"Stevens Point WI";"US"
470669;"Kohler Equipment, Inc.";TRUE;"7021 Annapolis Road";"";"20784";"Landover Hills MD";"US"
470670;"Lai Gato";FALSE;"37 Alabama Ave";"";"2718";"Evanston IL";"US"
470671;"Oxford University Press, Inc";TRUE;"198 Madison Avenue";"";"10001";"New York NY";"US"
470672;"Kanisha Waycott";FALSE;"5 Tomahawk Dr";"";"3251";"Los Angeles CA";"US"
470673;"Sap Public Services, Inc";TRUE;"1300 Pennsylvania Ave, Ste 600 Ronald Reagan Bldg/Intl Trade";"";"20001";"Washington DC";"US"
470674;"Scotti And Gerl";TRUE;"216 South Jefferson Street";"";"24901";"Lewisburg WV";"US"
470675;"Dyan Oldroyd";FALSE;"7219 Woodfield Rd";"";"99644";"Overland Park KS";"US"
470676;"Craftmaster Hardware Co.";TRUE;"190 Veterans Drive";"";"7647";"Northvale NJ";"US"
470677;"Study Island";TRUE;"3400 Carlisle St Ste 345";"";"75028";"Dallas TX";"US"
470678;"Dc Bilingual Pcs";TRUE;"1420 Columbia Road Nw";"";"20001";"Washington DC";"US"
470679;"Pembroke West Associates Inc";TRUE;"4435 Wisconsin Ave Nw Suite 210";"";"20001";"Washington DC";"US"
470680;"American Legacy Foundation";TRUE;"1724 Massachusetts Ave, Nw";"";"20001";"Washington DC";"US"
470681;"Sanz School Inc";TRUE;"1720 Eye Street Nw Lower Level";"";"20001";"Washington DC";"US"
470682;"Two Rivers Pcs";TRUE;"1227 4Th Street, Ne";"";"20001";"Washington DC";"US"
470683;"P Flanigan And Sons Inc";TRUE;"2444 Lock Raven Road";"";"21128";"Baltimore MD";"US"
470684;"Spectrum Management, Llc";TRUE;"120 Hanover Sq.";"";"WA1 1DP";"London";"GB"
470685;"Charles Ryan Associates, Llc";TRUE;"300 Summers Street Suite 1100";"";"25301";"Charleston WV";"US"
470686;"American Library Association";TRUE;"50 East Huron Street";"";"60602";"Chicago IL";"US"
470687;"Wvsa School For Arts";TRUE;"1100 16Th St Nw";"";"20001";"Washington DC";"US"
470688;"Houghton Mifflin Co Inc";TRUE;"222 Berkeley Street";"";"2108";"Boston MA";"US"
470689;"Ammie Corrio";FALSE;"74874 Atlantic Ave";"";"2703";"Columbus OH";"US"
470690;"Booker T Washington Pcs";TRUE;"1346 Florida Ave., N.W.";"";"20001";"Washington DC";"US"
470691;"Federal City Recovery Svcs";TRUE;"920 Bellevue St Se Po Box 77281";"";"20001";"Washington DC";"US"
470692;"Midtown Personnel Inc";TRUE;"900 7Th Street, Nw Suite 725";"";"20001";"Washington DC";"US"
470693;"P.C.S. For Student Suppo.Srvs.";TRUE;"1003 K. St. Nw. Suite 405";"";"20001";"Washington DC";"US"
470694;"Osim International";TRUE;"106 Linden Road Sandown";"2nd Floor";"69045";"Singapore";"SG"
470695;"Central Parking System Va.";TRUE;"1225 Eye Street,Nw. Suite C-100";"";"20001";"Washington DC";"US"
470696;"Laser Art Inc";TRUE;"2209 Channing Street Ne Po Box 41083";"";"20001";"Washington DC";"US"
470697;"Metropolitan Office Products";TRUE;"910 Barnaby St Se # 201";"";"20001";"Washington DC";"US"
470698;"Montepio Geral";TRUE;"Jardim Das Rosas N. 32";"";"1675";"Lisboa";"PT"
470699;"Community Academy Pcs";TRUE;"1351 Nicholson Street Nw";"";"20001";"Washington DC";"US"
470700;"Friendship Pcs";TRUE;"120 Q Street, Ne";"";"20001";"Washington DC";"US"
470701;"Mindleaders, Inc.";TRUE;"5500 Glendon Court, Suite 200";"";"43016";"Dublin OH";"US"
470702;"Thewashington Times Llc";TRUE;"3600 Ny Ave Ne";"";"20001";"Washington DC";"US"
470703;"Intergraph Corporation";TRUE;"170 Graphics Drive";"";"35756";"Madison AL";"US"
470704;"Coalition For Juvenile Justice";TRUE;"1710 Rhode Island Ave Nw";"";"20001";"Washington DC";"US"
470705;"Perry School Community Services Center, Inc.";TRUE;"128 M. Street, Nw Suite 100";"";"20001";"Washington DC";"US"
470706;"Dominque Dickerson";FALSE;"69 Marquette Ave";"";"2718";"Hayward CA";"US"
470707;"Paralegal Inst Of Wash Dc";TRUE;"5101 Winconsin Ave. Nw Business Office";"";"20001";"Washington DC";"US"
470708;"Parkside Senior, Lp";TRUE;"730 15Th Street Nw 8Th Floor";"";"20001";"Washington DC";"US"
470709;"Celeste Korando";FALSE;"7 W Pinhook Rd";"";"3251";"Lynbrook NY";"US"
470710;"United Chemical Technologies";TRUE;"2731 Bartram Road";"";"19007";"Bristol PA";"US"
470711;"Knight Facilities Mgmt, Inc.";TRUE;"5360 Hampton Place";"";"48601";"Saginaw MI";"US"
470712;"Childrens National Medical Ctr";TRUE;"111 Michigan Ave Nw";"";"20001";"Washington DC";"US"
470713;"Delisa Crupi";FALSE;"47565 W Grand Ave";"";"42261";"Newark NJ";"US"
470714;"Bellevue University";TRUE;"1000 Galvin Road South";"";"68005";"Bellevue NE";"US"
470715;"Ethiopian Community Center Inc";TRUE;"7603 Georgia Avenue Nw Suite 100";"";"20001";"Washington DC";"US"
470716;"Arlene Klusman";FALSE;"3 Secor Rd";"";"42261";"New Orleans LA";"US"
470717;"The Presidio Corporation";TRUE;"7601 Ora Glen Drive Suite 100";"";"20770";"Greenbelt MD";"US"
470718;"Cofina";TRUE;"Estrada Da Saúde N. 58";"";"1756";"Lisboa";"PT"
470719;"Euphemia L. Haynes Pcs";TRUE;"3600 Georgia Avenue, Nw";"";"20001";"Washington DC";"US"
470720;"Jtf Business Systems";TRUE;"5568 General Washington Drive A 203";"";"22301";"Alexandria VA";"US"
470721;"Accelera Solutions Inc.";TRUE;"201 Miller Street";"Level 15";"2060";"North Sydney";"AU"
470722;"D.H. Lloyd & Assoc. Inc.";TRUE;"1625 K. Street, Nw Suite #400";"";"20001";"Washington DC";"US"
470723;"Parsons Brinckerhoff";TRUE;"1401 K. Street, Nw. Suite 701";"";"20001";"Washington DC";"US"
470724;"C2C Systems Inc";TRUE;"1 Federal Street Enterprise Center";"";"1040";"Springfield MA";"US"
470725;"Excel Tree Expert Co.Inc.";TRUE;"7549 Montevideo Road";"";"20794";"Jessup MD";"US"
470726;"Marilyn Friend, Inc.";TRUE;"26 Rosebay Lane";"";"27401";"Greensboro NC";"US"
470727;"Fort Myer Construction Corpora";TRUE;"2237 - 33Rd Street, N.E.";"";"20001";"Washington DC";"US"
470728;"Networking For Future, Inc.";TRUE;"1023 15Th St Nw Suite 500";"";"20001";"Washington DC";"US"
470729;"Barbara Chambers Children Ctr";TRUE;"1470 Irving St., Nw";"";"20001";"Washington DC";"US"
470730;"Ami Magunia";TRUE;"627 S. Dean Street";"";"21128";"Baltimore MD";"US"
470731;"Edward L. Jackson";TRUE;"12, Berkeley Gardens Blvd";"";"WX1 6LT";"Liverpool";"GB"
470732;"D C  Van Lines Moving";TRUE;"4611 Tanglewood Drive";"";"20781";"Hyattsville MD";"US"
470733;"Mvs, Inc.";TRUE;"1401 14Th Street Nw Ste# 200";"";"20001";"Washington DC";"US"
470734;"Howard University The Learning Academy";TRUE;"2400 6Th Street, Nw Suite 115";"";"20001";"Washington DC";"US"
470735;"Elsie Whitlow Stokes Pcs";TRUE;"199 Great North Road";"";"";"Auckland";"NZ"
470736;"Edna Miceli";FALSE;"555 Main St";"";"2718";"Erie PA";"US"
470737;"Marc Parc Parking";TRUE;"1233 20Th Street Nw Ste 104";"";"20001";"Washington DC";"US"
470738;"Clean Venture Incorporated";TRUE;"2031 Inverness Avenue";"";"21128";"Baltimore MD";"US"
470739;"Ost, Inc.";TRUE;"1155 15Th Street Nw Suite 600";"";"20001";"Washington DC";"US"
470740;"Business Strategy Consultants";TRUE;"9701 Apollo Drive Suite 445";"";"20774";"Largo MD";"US"
